{"stats":{"minecraft:picked_up":{"minecraft:dirt":4,"minecraft:birch_log":1},"minecraft:used":{"minecraft:birch_log":1,"minecraft:dirt":4},"minecraft:mined":{"minecraft:birch_log":1,"minecraft:grass":2,"minecraft:grass_block":4,"minecraft:birch_leaves":2},"minecraft:custom":{"minecraft:jump":29,"minecraft:time_since_rest":1008,"minecraft:leave_game":1,"minecraft:crouch_one_cm":48,"minecraft:sprint_one_cm":2366,"minecraft:play_time":1008,"minecraft:walk_on_water_one_cm":136,"minecraft:time_since_death":1008,"minecraft:walk_one_cm":1040,"minecraft:sneak_time":13,"minecraft:total_world_time":1008,"minecraft:fall_one_cm":418,"minecraft:fly_one_cm":6711}},"DataVersion":3465}